"chr","start","end","strand","pvalue","qvalue","meth.diff","in_cpg","cpg_id","annotation","chr_num","in_homeolog_block","partner_chr","partner_start","partner_end"
"NC_059442.1",42413171,42413171,"*",6.98792265938451e-20,1.65860898953284e-17,-25.5499068468414,FALSE,NA,"gene;mRNA",1,TRUE,9,6449978,43822672
"NC_059442.1",42413217,42413217,"*",3.10598820006136e-20,7.58108246725375e-18,-27.2994488671157,FALSE,NA,"gene;mRNA",1,TRUE,9,6449978,43822672
"NC_059442.1",83302498,83302498,"*",2.25814189907851e-19,5.11338477298954e-17,-25.2685946340213,FALSE,NA,"mRNA;gene",1,TRUE,28,25832673,36590080
"NC_059442.1",83302520,83302520,"*",6.94318129911493e-19,1.49973001412736e-16,-26.0563930328829,FALSE,NA,"mRNA;gene",1,TRUE,28,25832673,36590080
"NC_059442.1",95933046,95933046,"*",3.04229111220555e-24,1.03310953859425e-21,-29.8746489988438,FALSE,NA,"intergenic",1,TRUE,28,19442533,25485291
"NC_059442.1",107034315,107034315,"*",1.38767322478099e-20,3.49632485443762e-18,-26.5209283050145,FALSE,NA,"mRNA;gene",1,TRUE,18,32128981,49288069
"NC_059442.1",110023786,110023786,"*",2.70862600107916e-38,2.13911123420643e-35,-34.4190122903206,FALSE,NA,"gene;mRNA",1,TRUE,18,32128981,49288069
"NC_059442.1",110023809,110023809,"*",5.01842226620973e-35,3.32561244607343e-32,-34.0747988693194,FALSE,NA,"gene;mRNA",1,TRUE,18,32128981,49288069
"NC_059442.1",126360901,126360901,"*",4.99299542447719e-22,1.43711916201118e-19,-27.0731614281355,FALSE,NA,"intergenic",1,TRUE,13,90392642,105350088
"NC_059442.1",146747160,146747160,"*",4.03517263529141e-18,8.05000781670109e-16,-27.3280172996351,FALSE,NA,"mRNA;gene",1,TRUE,11,59121895,87817432
"NC_059443.1",3820419,3820419,"*",6.41863867866072e-20,1.53109338326547e-17,-25.4515864456256,FALSE,NA,"mRNA;gene",2,TRUE,5,72564533,92762982
"NC_059443.1",3859921,3859921,"*",3.82612359602969e-19,8.45948506935861e-17,-28.0862123280479,FALSE,NA,"mRNA;gene",2,TRUE,5,72564533,92762982
"NC_059443.1",3868257,3868257,"*",5.72788579661567e-34,3.58681942032176e-31,-33.0255402750491,FALSE,NA,"mRNA;gene",2,TRUE,5,72564533,92762982
"NC_059443.1",6037568,6037568,"*",3.50269067115037e-24,1.17939447879811e-21,-32.8129589995384,FALSE,NA,"intergenic",2,TRUE,5,72564533,92762982
"NC_059443.1",6667650,6667650,"*",1.34032162179362e-27,5.73831690675823e-25,-28.4326615633607,FALSE,NA,"mRNA;gene",2,TRUE,5,72564533,92762982
"NC_059443.1",7306174,7306174,"*",4.92111819351081e-17,8.65393955707667e-15,-28.7878787878788,FALSE,NA,"intergenic",2,TRUE,5,72564533,92762982
"NC_059443.1",7960913,7960913,"*",8.45580736390814e-15,1.13137070823691e-12,-25.1010400387994,FALSE,NA,"mRNA;gene",2,TRUE,5,72564533,92762982
"NC_059443.1",8658192,8658192,"*",1.47024549253674e-42,1.39103538803351e-39,-40.7026964354298,FALSE,NA,"intergenic",2,TRUE,5,72564533,92762982
"NC_059443.1",8658215,8658215,"*",1.08675915504454e-21,3.02590803129317e-19,-28.3120714662447,FALSE,NA,"intergenic",2,TRUE,5,72564533,92762982
"NC_059443.1",8658258,8658258,"*",4.44609975173056e-35,2.96278233540825e-32,-37.3234200743494,FALSE,NA,"intergenic",2,TRUE,5,72564533,92762982
"NC_059443.1",8658275,8658275,"*",1.12200916334007e-38,9.0862376640493e-36,-37.0813277176093,FALSE,NA,"intergenic",2,TRUE,5,72564533,92762982
"NC_059443.1",8658276,8658276,"*",1.0436365294751e-39,8.85687626023884e-37,-40.094688624895,FALSE,NA,"intergenic",2,TRUE,5,72564533,92762982
"NC_059443.1",8658318,8658318,"*",6.29365514888311e-39,5.18459276275835e-36,-34.1379708441347,FALSE,NA,"intergenic",2,TRUE,5,72564533,92762982
"NC_059443.1",8658369,8658369,"*",2.13052289217234e-36,1.51932646348627e-33,-29.680137904616,FALSE,NA,"intergenic",2,TRUE,5,72564533,92762982
"NC_059443.1",8658375,8658375,"*",4.80912379968234e-50,6.43631722809119e-47,-34.0615981240981,FALSE,NA,"intergenic",2,TRUE,5,72564533,92762982
"NC_059443.1",8658433,8658433,"*",1.490521374456e-41,1.36691083217565e-38,-30.1569888843663,FALSE,NA,"intergenic",2,TRUE,5,72564533,92762982
"NC_059443.1",8658434,8658434,"*",2.38257517147937e-28,1.06489945959673e-25,-29.7459165154265,FALSE,NA,"intergenic",2,TRUE,5,72564533,92762982
"NC_059443.1",24946004,24946004,"*",4.45371297042347e-44,4.58610447498824e-41,-46.5781819760375,FALSE,NA,"lnc_RNA;ncRNA_gene;exon",2,TRUE,5,64489250,72737685
"NC_059443.1",24946038,24946038,"*",5.61255829857854e-39,4.63150355253915e-36,-42.5057932238063,FALSE,NA,"lnc_RNA;ncRNA_gene;exon",2,TRUE,5,64489250,72737685
"NC_059443.1",39895790,39895790,"*",6.99524367110089e-14,8.16988543376499e-12,-25.5911330049261,FALSE,NA,"intergenic",2,TRUE,5,46902099,64513004
"NC_059443.1",95002641,95002641,"*",1.26718733276395e-43,1.26663833072058e-40,-28.0140249332146,FALSE,NA,"mRNA;gene",2,TRUE,2,83320236,88283094
"NC_059444.1",2292271,2292271,"*",4.54299119222534e-31,2.40111612578288e-28,-27.2814439268489,FALSE,NA,"gene;mRNA",3,TRUE,14,47265242,53849654
"NC_059444.1",2292405,2292405,"*",2.32093911988143e-19,5.24315959296003e-17,-26.0930664558164,FALSE,NA,"gene;mRNA",3,TRUE,14,47265242,53849654
"NC_059444.1",16464414,16464414,"*",1.11963835925362e-21,3.11563930575165e-19,-26.3729012390938,FALSE,NA,"intergenic",3,TRUE,14,5051829,20692432
"NC_059444.1",38071834,38071834,"*",8.84581906431942e-22,2.49154220726313e-19,-29.7007656835845,FALSE,NA,"mRNA;gene",3,TRUE,14,21560434,43073540
"NC_059444.1",78714008,78714008,"*",8.74752982238017e-16,1.32598595215562e-13,-26.0593512767426,FALSE,NA,"ncRNA_gene;lnc_RNA",3,TRUE,6,5817,26212836
"NC_059444.1",80144217,80144217,"*",7.01007383724973e-16,1.0755823929485e-13,-25.6183034768983,FALSE,NA,"mRNA;gene",3,TRUE,6,5817,26212836
"NC_059444.1",98328418,98328418,"*",3.00687534942181e-46,3.38038522464468e-43,-32.577088924573,FALSE,NA,"gene;mRNA;five_prime_UTR;exon",3,TRUE,6,5817,26212836
"NC_059444.1",98328446,98328446,"*",1.54421551015567e-38,1.24002558127828e-35,-28.7670133109254,FALSE,NA,"gene;mRNA;five_prime_UTR;exon",3,TRUE,6,5817,26212836
"NC_059444.1",101352626,101352626,"*",4.58006294821091e-18,9.10283527389841e-16,-26.6018653100775,FALSE,NA,"intergenic",3,FALSE,NA,NA,NA
"NC_059444.1",101427053,101427053,"*",4.75505920028901e-24,1.58102544760305e-21,-30.2344451740978,FALSE,NA,"mRNA;gene;exon;three_prime_UTR",3,FALSE,NA,NA,NA
"NC_059444.1",101519403,101519403,"*",5.50756684701122e-26,2.11024569835296e-23,-30.9539318123009,FALSE,NA,"intergenic",3,FALSE,NA,NA,NA
"NC_059444.1",101535707,101535707,"*",2.1326107007919e-30,1.08053687241757e-27,-34.0082636599724,FALSE,NA,"intergenic",3,FALSE,NA,NA,NA
"NC_059445.1",1701677,1701677,"*",1.0814840022142e-19,2.52307318141212e-17,-27.3745277927685,FALSE,NA,"intergenic",4,TRUE,8,7031190,28678500
"NC_059445.1",2475587,2475587,"*",2.29044487374042e-33,1.388779593067e-30,-26.2835438616916,FALSE,NA,"intergenic",4,TRUE,8,7031190,28678500
"NC_059445.1",2475598,2475598,"*",5.76701056603242e-30,2.86130504164345e-27,-25.0899078767931,FALSE,NA,"intergenic",4,TRUE,8,7031190,28678500
"NC_059445.1",6120033,6120033,"*",2.11058150136374e-24,7.23400914928291e-22,-26.9394794350762,FALSE,NA,"mRNA;gene",4,TRUE,8,7031190,28678500
"NC_059445.1",6120034,6120034,"*",1.93007312491616e-31,1.05031350012742e-28,-31.684902338529,FALSE,NA,"mRNA;gene",4,TRUE,8,7031190,28678500
"NC_059445.1",13478613,13478613,"*",4.00812292352271e-21,1.06391817312438e-18,-29.1299173272693,FALSE,NA,"mRNA;gene",4,TRUE,8,7031190,28678500
"NC_059445.1",13478617,13478617,"*",2.59356116055401e-19,5.82871651837393e-17,-28.4403050550044,FALSE,NA,"mRNA;gene",4,TRUE,8,7031190,28678500
"NC_059445.1",16806297,16806297,"*",1.12556679683691e-22,3.39298318130502e-20,-25.6559364347784,FALSE,NA,"intergenic",4,TRUE,8,7031190,28678500
"NC_059445.1",24790132,24790132,"*",9.39243681279792e-38,7.19173030166549e-35,-27.2309177106778,FALSE,NA,"three_prime_UTR;exon;gene;mRNA",4,TRUE,8,253324,9351150
"NC_059445.1",28575281,28575281,"*",1.65755583636362e-19,3.81269007896351e-17,-25.509814612868,FALSE,NA,"mRNA;gene",4,TRUE,8,253324,9351150
"NC_059445.1",63937199,63937199,"*",8.74644940417174e-18,1.6871180884278e-15,-25.0003665355935,FALSE,NA,"intergenic",4,TRUE,13,51577420,90266268
"NC_059445.1",63937210,63937210,"*",1.55299906974487e-26,6.20930496526258e-24,-29.738226994229,FALSE,NA,"intergenic",4,TRUE,13,51577420,90266268
"NC_059445.1",63937476,63937476,"*",8.07184527835738e-21,2.08694287731499e-18,-25.3252657868349,FALSE,NA,"intergenic",4,TRUE,13,51577420,90266268
"NC_059445.1",63937830,63937830,"*",9.88888601083211e-24,3.20980952091296e-21,-29.2570651233265,FALSE,NA,"intergenic",4,TRUE,13,51577420,90266268
"NC_059445.1",63937835,63937835,"*",2.04589446286903e-18,4.20798048690131e-16,-25.1207430340557,FALSE,NA,"intergenic",4,TRUE,13,51577420,90266268
"NC_059445.1",63937919,63937919,"*",2.02849673793863e-25,7.51318881783814e-23,-27.2559888700491,FALSE,NA,"intergenic",4,TRUE,13,51577420,90266268
"NC_059446.1",60828668,60828668,"*",2.28026920113413e-26,8.98924467921021e-24,-27.2583194718517,FALSE,NA,"mRNA;gene",5,TRUE,2,29684327,48024703
"NC_059446.1",60828741,60828741,"*",1.53834576340558e-23,4.93958802073406e-21,-26.1402052984203,FALSE,NA,"mRNA;gene",5,TRUE,2,29684327,48024703
"NC_059446.1",60828945,60828945,"*",2.93490376540759e-23,9.20732900837791e-21,-25.5026668459504,FALSE,NA,"mRNA;gene",5,TRUE,2,29684327,48024703
"NC_059446.1",60848377,60848377,"*",1.15448909896306e-23,3.72455574008983e-21,-25.8448989858158,FALSE,NA,"mRNA;gene",5,TRUE,2,29684327,48024703
"NC_059446.1",68037609,68037609,"*",6.62595240624803e-19,1.43575196175926e-16,-26.6425412981812,FALSE,NA,"mRNA;gene",5,TRUE,2,21503292,29671299
"NC_059446.1",81191419,81191419,"*",6.06687538960027e-36,4.21937415063924e-33,-28.9582056624586,FALSE,NA,"gene;mRNA",5,TRUE,2,24871,21696495
"NC_059446.1",82287153,82287153,"*",3.84237283058424e-31,2.03531983651521e-28,-33.1594696914043,FALSE,NA,"mRNA;gene",5,TRUE,2,24871,21696495
"NC_059446.1",82287154,82287154,"*",3.99188618254554e-31,2.11217598219074e-28,-31.0422186729692,FALSE,NA,"mRNA;gene",5,TRUE,2,24871,21696495
"NC_059446.1",89983675,89983675,"*",5.09757852360174e-27,2.10145545479812e-24,-30.7569296375267,FALSE,NA,"intergenic",5,TRUE,2,24871,21696495
"NC_059446.1",89983683,89983683,"*",4.8059904655594e-24,1.59573882251758e-21,-30.1861288709263,FALSE,NA,"intergenic",5,TRUE,2,24871,21696495
"NC_059446.1",90012049,90012049,"*",3.36055694340975e-16,5.35573808591527e-14,-25.3746840212215,FALSE,NA,"intergenic",5,TRUE,2,24871,21696495
"NC_059446.1",90216612,90216612,"*",8.19661262635878e-15,1.09822865716187e-12,-25.4073358341859,FALSE,NA,"intergenic",5,TRUE,2,24871,21696495
"NC_059447.1",76527,76527,"*",1.26229278754282e-22,3.78840793394821e-20,-25.7967400017814,TRUE,"CpG:_57","ncRNA_gene;lnc_RNA;exon",6,TRUE,3,75877590,100961319
"NC_059447.1",76563,76563,"*",8.95173487830266e-25,3.15884449698286e-22,-32.9024039255467,TRUE,"CpG:_57","ncRNA_gene;lnc_RNA;exon",6,TRUE,3,75877590,100961319
"NC_059447.1",76567,76567,"*",3.01584593955765e-17,5.47057632813689e-15,-26.3786158544628,TRUE,"CpG:_57","ncRNA_gene;lnc_RNA;exon",6,TRUE,3,75877590,100961319
"NC_059447.1",76571,76571,"*",5.79881330896126e-23,1.78750443881528e-20,-31.2448207530175,TRUE,"CpG:_57","ncRNA_gene;lnc_RNA;exon",6,TRUE,3,75877590,100961319
"NC_059447.1",3223581,3223581,"*",1.723502883e-37,1.29886034115953e-34,-29.4084334583302,FALSE,NA,"gene;mRNA",6,TRUE,3,75877590,100961319
"NC_059447.1",37692402,37692402,"*",3.4258489202852e-14,4.17760147259112e-12,-25.3708920187793,FALSE,NA,"intergenic",6,TRUE,3,53496101,75747156
"NC_059447.1",43743943,43743943,"*",2.09912174653736e-30,1.06469796795549e-27,35.6926572433531,FALSE,NA,"gene;mRNA",6,TRUE,3,53496101,75747156
"NC_059447.1",77325683,77325683,"*",1.99019861007966e-29,9.59538631259985e-27,-34.0596740407704,FALSE,NA,"intergenic",6,TRUE,15,46750067,60050299
"NC_059448.1",41913255,41913255,"*",1.02286132605678e-18,2.16917837804373e-16,-25.0720169603988,FALSE,NA,"mRNA;gene",7,TRUE,17,51351046,87392610
"NC_059448.1",60773348,60773348,"*",6.85228768868109e-16,1.05281167223648e-13,-25.7339542417493,FALSE,NA,"intergenic",7,TRUE,17,51351046,87392610
"NC_059448.1",62225187,62225187,"*",7.61002713845624e-25,2.69534247942459e-22,-29.6228742713934,FALSE,NA,"intergenic",7,TRUE,17,51351046,87392610
"NC_059448.1",62225353,62225353,"*",1.80671728845415e-23,5.76911117025128e-21,-27.0121316683098,FALSE,NA,"intergenic",7,TRUE,17,51351046,87392610
"NC_059448.1",62225414,62225414,"*",2.07543201373779e-20,5.14062571002687e-18,-30.5066271363795,FALSE,NA,"intergenic",7,TRUE,17,51351046,87392610
"NC_059448.1",62225415,62225415,"*",4.51903763762183e-18,8.98528563949498e-16,-25.5820081502589,FALSE,NA,"intergenic",7,TRUE,17,51351046,87392610
"NC_059448.1",64434970,64434970,"*",2.57226993691097e-19,5.78903596855291e-17,-26.0809599739289,FALSE,NA,"intergenic",7,TRUE,17,51351046,87392610
"NC_059448.1",65668184,65668184,"*",4.78697477228425e-24,1.5905303214148e-21,-25.9372169114758,FALSE,NA,"gene;mRNA",7,TRUE,17,51351046,87392610
"NC_059448.1",65668257,65668257,"*",1.24710153405104e-28,5.66403298370704e-26,-29.1789819376026,FALSE,NA,"gene;mRNA",7,TRUE,17,51351046,87392610
"NC_059449.1",147837,147837,"*",3.58906905361076e-48,4.38575893619652e-45,-25.6504951504459,FALSE,NA,"intergenic",8,FALSE,NA,NA,NA
"NC_059449.1",147892,147892,"*",5.36429258930713e-35,3.53520132615153e-32,-32.6008786797206,FALSE,NA,"intergenic",8,FALSE,NA,NA,NA
"NC_059449.1",147893,147893,"*",7.63316705767878e-82,2.3529503832679e-78,-31.8213315646516,FALSE,NA,"intergenic",8,FALSE,NA,NA,NA
"NC_059449.1",3055308,3055308,"*",9.39687522984636e-23,2.85426595831697e-20,-25.6036310574729,FALSE,NA,"mRNA;gene",8,TRUE,4,18114789,29849670
"NC_059449.1",3055317,3055317,"*",7.93148074644697e-22,2.24236997588369e-19,-28.1237146021199,FALSE,NA,"mRNA;gene",8,TRUE,4,18114789,29849670
"NC_059449.1",4205204,4205204,"*",5.64753751639977e-28,2.47328449052309e-25,-26.3650540974271,FALSE,NA,"intergenic",8,TRUE,4,18114789,29849670
"NC_059449.1",4205216,4205216,"*",5.07967347237662e-30,2.53079454181309e-27,-25.4834656084656,FALSE,NA,"intergenic",8,TRUE,4,18114789,29849670
"NC_059449.1",4406249,4406249,"*",1.12476977030776e-18,2.37685546489544e-16,-25.9229437229437,FALSE,NA,"mRNA;gene",8,TRUE,4,18114789,29849670
"NC_059449.1",24221944,24221944,"*",5.23417060050657e-35,3.45421215178749e-32,-29.2124456859094,FALSE,NA,"mRNA;gene",8,TRUE,4,225470,21079259
"NC_059449.1",24221945,24221945,"*",2.47027097777953e-26,9.71422186597637e-24,-30.8296501411151,FALSE,NA,"mRNA;gene",8,TRUE,4,225470,21079259
"NC_059449.1",24221948,24221948,"*",1.42604082128119e-44,1.50408872512656e-41,-32.9897356941237,FALSE,NA,"mRNA;gene",8,TRUE,4,225470,21079259
"NC_059449.1",24222009,24222009,"*",1.33174551016743e-37,1.01321426985932e-34,-28.150353398221,FALSE,NA,"mRNA;gene",8,TRUE,4,225470,21079259
"NC_059449.1",24222010,24222010,"*",9.42086809197535e-19,2.00646495479917e-16,-26.8471942767717,FALSE,NA,"mRNA;gene",8,TRUE,4,225470,21079259
"NC_059449.1",26479778,26479778,"*",5.86551714227103e-37,4.33153400112562e-34,-29.565597146604,FALSE,NA,"ncRNA_gene;lnc_RNA",8,TRUE,4,225470,21079259
"NC_059449.1",26479779,26479779,"*",1.78631913293499e-26,7.10649970932355e-24,-26.6124357727411,FALSE,NA,"ncRNA_gene;lnc_RNA",8,TRUE,4,225470,21079259
"NC_059449.1",26479792,26479792,"*",2.96893930034119e-30,1.49319804760457e-27,-25.938459134104,FALSE,NA,"ncRNA_gene;lnc_RNA",8,TRUE,4,225470,21079259
"NC_059449.1",26479793,26479793,"*",1.27555085320929e-28,5.78225002702334e-26,-27.7654485136447,FALSE,NA,"ncRNA_gene;lnc_RNA",8,TRUE,4,225470,21079259
"NC_059449.1",26479856,26479856,"*",1.85279089521894e-38,1.47788038691788e-35,-31.9534282018111,FALSE,NA,"ncRNA_gene;lnc_RNA;exon",8,TRUE,4,225470,21079259
"NC_059449.1",26495297,26495297,"*",1.24089120719449e-27,5.32694537062703e-25,-26.7624513839067,FALSE,NA,"intergenic",8,TRUE,4,225470,21079259
"NC_059449.1",27394480,27394480,"*",1.13779907275772e-21,3.16249173318121e-19,-28.991900082132,FALSE,NA,"intergenic",8,TRUE,4,225470,21079259
"NC_059450.1",3423742,3423742,"*",1.24180372354469e-13,1.40631669493326e-11,-25.8371040723982,FALSE,NA,"lnc_RNA;ncRNA_gene",9,FALSE,NA,NA,NA
"NC_059450.1",10349501,10349501,"*",1.25821583036079e-15,1.87454506346216e-13,-25.8318707035249,FALSE,NA,"intergenic",9,TRUE,1,10658065,47087135
"NC_059450.1",10349538,10349538,"*",1.93910587135869e-23,6.18072738700286e-21,-31.6811532753869,FALSE,NA,"intergenic",9,TRUE,1,10658065,47087135
"NC_059450.1",10720911,10720911,"*",1.84475826593743e-18,3.81563817511578e-16,-25.3761090394754,FALSE,NA,"intergenic",9,TRUE,1,10658065,47087135
"NC_059450.1",64272042,64272042,"*",2.74112253709446e-15,3.92122428494915e-13,-25.5001970542678,FALSE,NA,"intergenic",9,TRUE,5,23196676,46600429
"NC_059450.1",65125134,65125134,"*",7.85896457802587e-21,2.03852201312562e-18,-28.3304577819427,FALSE,NA,"gene;mRNA;exon;three_prime_UTR",9,TRUE,5,23196676,46600429
"NC_059450.1",83893678,83893678,"*",2.77641303125884e-50,3.77934603715975e-47,-27.9443066391364,FALSE,NA,"intergenic",9,TRUE,5,2512807,18677809
"NC_059450.1",83893958,83893958,"*",7.16657153575832e-43,6.88961179532812e-40,-29.1708624330031,FALSE,NA,"intergenic",9,TRUE,5,2512807,18677809
"NC_059450.1",101967259,101967259,"*",6.70887147538118e-26,2.55414439756127e-23,-27.3744463247057,FALSE,NA,"intergenic",9,TRUE,5,2512807,18677809
"NC_059450.1",110559767,110559767,"*",9.09939783162272e-15,1.21205122970352e-12,-25.6123058542413,FALSE,NA,"intergenic",9,TRUE,20,43594075,89833306
"NC_059451.1",14935817,14935817,"*",3.16834138050749e-15,4.5067313045126e-13,-25.2693772583743,FALSE,NA,"gene;mRNA",10,TRUE,16,38067336,54344422
"NC_059451.1",42333621,42333621,"*",8.93431907913873e-18,1.72127189660004e-15,-25.3367185959377,FALSE,NA,"mRNA;gene",10,TRUE,23,3965652,33727758
"NC_059451.1",55826632,55826632,"*",3.40311800377487e-23,1.06622009901852e-20,-25.9565545188955,FALSE,NA,"mRNA;gene",10,TRUE,16,54944489,58014645
"NC_059451.1",59701034,59701034,"*",5.11445352295847e-27,2.10659450615912e-24,-25.9846599878434,FALSE,NA,"mRNA;gene",10,FALSE,NA,NA,NA
"NC_059451.1",80461237,80461237,"*",7.72738248666777e-22,2.18855279073096e-19,-28.8627213702264,FALSE,NA,"gene;mRNA",10,TRUE,23,33742538,43445175
"NC_059451.1",87958805,87958805,"*",2.01498893174883e-30,1.02419938668751e-27,-36.2975366357997,FALSE,NA,"mRNA;gene",10,TRUE,16,841231,37920908
"NC_059452.1",1720311,1720311,"*",9.18250384136738e-19,1.9595065757505e-16,-25.6972002766957,FALSE,NA,"mRNA;gene",11,FALSE,NA,NA,NA
"NC_059452.1",16464762,16464762,"*",1.74036517309767e-28,7.84466168806451e-26,-34.6611232405816,FALSE,NA,"intergenic",11,TRUE,26,5054562,54972832
"NC_059452.1",24275398,24275398,"*",1.45587214071305e-34,9.34953474967337e-32,-33.6942997122638,FALSE,NA,"gene;mRNA",11,TRUE,26,5054562,54972832
"NC_059452.1",40069611,40069611,"*",1.94988523055166e-19,4.45122473339072e-17,-27.1136293154749,FALSE,NA,"mRNA;gene",11,TRUE,26,5054562,54972832
"NC_059452.1",40071576,40071576,"*",3.06789404153503e-38,2.41088489948633e-35,-29.8244736842105,FALSE,NA,"mRNA;gene",11,TRUE,26,5054562,54972832
"NC_059452.1",40071613,40071613,"*",5.92120314487707e-31,3.11233099659962e-28,-31.0054983413252,FALSE,NA,"mRNA;gene",11,TRUE,26,5054562,54972832
"NC_059452.1",40071619,40071619,"*",3.79041242478896e-27,1.57892953713535e-24,-26.6888529951543,FALSE,NA,"mRNA;gene",11,TRUE,26,5054562,54972832
"NC_059452.1",40072122,40072122,"*",1.51088741250229e-25,5.63537308453009e-23,-30.1641222936193,FALSE,NA,"mRNA;gene",11,TRUE,26,5054562,54972832
"NC_059452.1",59827350,59827350,"*",6.3622796447608e-20,1.51992604996007e-17,-30.0238911602707,FALSE,NA,"ncRNA_gene;lnc_RNA",11,TRUE,1,134782126,161814515
"NC_059452.1",59827351,59827351,"*",2.79148512048345e-27,1.17614796860651e-24,-30.4983347020714,FALSE,NA,"ncRNA_gene;lnc_RNA",11,TRUE,1,134782126,161814515
"NC_059452.1",59827357,59827357,"*",8.03896653302789e-24,2.61467747168132e-21,-31.8007495859845,FALSE,NA,"ncRNA_gene;lnc_RNA",11,TRUE,1,134782126,161814515
"NC_059452.1",59827358,59827358,"*",2.5275668475993e-29,1.20524303097426e-26,-32.2956919994275,FALSE,NA,"ncRNA_gene;lnc_RNA",11,TRUE,1,134782126,161814515
"NC_059452.1",59827368,59827368,"*",2.50437922395421e-17,4.59161410161133e-15,-25.1605218048171,FALSE,NA,"ncRNA_gene;lnc_RNA",11,TRUE,1,134782126,161814515
"NC_059452.1",59827369,59827369,"*",2.77257368067778e-21,7.45478922093375e-19,-25.7551135114,FALSE,NA,"ncRNA_gene;lnc_RNA",11,TRUE,1,134782126,161814515
"NC_059452.1",61290269,61290269,"*",1.00880849035838e-15,1.51715940611879e-13,-25.286327845383,FALSE,NA,"mRNA;gene",11,TRUE,1,134782126,161814515
"NC_059452.1",79372547,79372547,"*",2.77336810678124e-16,4.46912517949058e-14,26.7560407051312,FALSE,NA,"pseudogene;mRNA;gene;pseudogenic_transcript;exon;five_prime_UTR",11,TRUE,1,134782126,161814515
"NC_059452.1",110159247,110159247,"*",1.02164562892696e-16,1.73343408062863e-14,-25.9323240629846,FALSE,NA,"intergenic",11,FALSE,NA,NA,NA
"NC_059452.1",110159343,110159343,"*",5.31882202114954e-17,9.33270454066041e-15,-25.8562035448828,FALSE,NA,"intergenic",11,FALSE,NA,NA,NA
"NC_059453.1",35686536,35686536,"*",6.13063471090437e-26,2.33959568138714e-23,-29.8928607315112,FALSE,NA,"intergenic",12,TRUE,2,48656214,73448231
"NC_059453.1",35686550,35686550,"*",5.4685651222667e-24,1.80569567264747e-21,-26.3797292606734,FALSE,NA,"intergenic",12,TRUE,2,48656214,73448231
"NC_059453.1",42328366,42328366,"*",3.21088540133006e-20,7.82324465404908e-18,-30.03856263969,FALSE,NA,"intergenic",12,TRUE,22,762958,4315601
"NC_059453.1",61118410,61118410,"*",7.81335627346206e-22,2.21028195598647e-19,-30.8367424723669,FALSE,NA,"gene;mRNA",12,TRUE,22,4717089,52145794
"NC_059453.1",61831883,61831883,"*",1.46492416710025e-17,2.75997783673662e-15,-29.2522741642411,FALSE,NA,"mRNA;gene",12,TRUE,22,4717089,52145794
"NC_059453.1",61831893,61831893,"*",1.43376693040625e-16,2.39358376183489e-14,-26.7305755999329,FALSE,NA,"mRNA;gene",12,TRUE,22,4717089,52145794
"NC_059453.1",87579246,87579246,"*",1.68716778433439e-18,3.50638018182511e-16,27.4144591611479,FALSE,NA,"mRNA;gene",12,TRUE,22,4717089,52145794
"NC_059453.1",87579294,87579294,"*",2.71814214688664e-16,4.38456800703436e-14,26.1048995229732,FALSE,NA,"mRNA;gene",12,TRUE,22,4717089,52145794
"NC_059454.1",45245918,45245918,"*",9.99420502799364e-23,3.02800272313004e-20,-27.0881830433717,FALSE,NA,"mRNA;gene;exon;CDS",13,FALSE,NA,NA,NA
"NC_059454.1",45255049,45255049,"*",2.4683186749315e-21,6.68563016019807e-19,-30.2402022756005,FALSE,NA,"exon;lnc_RNA;ncRNA_gene",13,FALSE,NA,NA,NA
"NC_059454.1",45265112,45265112,"*",8.28762796055492e-20,1.95254924691158e-17,-25.7263503202125,FALSE,NA,"lnc_RNA;ncRNA_gene",13,FALSE,NA,NA,NA
"NC_059454.1",50091215,50091215,"*",1.88723595203293e-13,2.07623291656175e-11,-25.7113920343616,FALSE,NA,"intergenic",13,TRUE,15,70601406,75288787
"NC_059454.1",50091267,50091267,"*",1.40007437994201e-27,5.98877001733344e-25,-32.5417175417175,FALSE,NA,"intergenic",13,TRUE,15,70601406,75288787
"NC_059454.1",55245452,55245452,"*",3.80629632008223e-16,6.0219251378613e-14,-26.4705471510986,FALSE,NA,"mRNA;gene",13,TRUE,4,44616378,83076268
"NC_059454.1",102317744,102317744,"*",1.80675402321075e-21,4.95553536602509e-19,-32.1067440429086,FALSE,NA,"gene;mRNA",13,TRUE,1,122264958,134770276
"NC_059454.1",114172607,114172607,"*",9.46681956261348e-20,2.21724473463717e-17,-27.885872148289,FALSE,NA,"three_prime_UTR;exon;gene;mRNA",13,FALSE,NA,NA,NA
"NC_059455.1",81066676,81066676,"*",1.11256391898937e-24,3.90864081914347e-22,-30.9463058310295,FALSE,NA,"mRNA;gene",14,TRUE,27,23818807,42681089
"NC_059455.1",84420187,84420187,"*",4.09167921388848e-22,1.18483352404278e-19,-25.6758868573215,FALSE,NA,"mRNA;gene;CDS;exon;five_prime_UTR",14,TRUE,27,23818807,42681089
"NC_059455.1",86917104,86917104,"*",5.84328235671886e-21,1.52979664430482e-18,27.5276806526807,FALSE,NA,"intergenic",14,TRUE,27,23818807,42681089
"NC_059455.1",86917170,86917170,"*",3.47354429207243e-24,1.17123135650346e-21,27.623649492372,FALSE,NA,"intergenic",14,TRUE,27,23818807,42681089
"NC_059456.1",42097106,42097106,"*",1.00885459028224e-19,2.35823664158841e-17,-30.8006772102242,FALSE,NA,"mRNA;gene",15,TRUE,6,55196901,68341050
"NC_059456.1",45012946,45012946,"*",1.02769917068166e-21,2.8731853506747e-19,-27.7092690894243,FALSE,NA,"gene;mRNA",15,FALSE,NA,NA,NA
"NC_059456.1",71532664,71532664,"*",5.63115498857092e-24,1.85681568221607e-21,-31.9533855400422,FALSE,NA,"mRNA;gene",15,TRUE,13,45497253,51425736
"NC_059456.1",93526775,93526775,"*",2.91833777543085e-17,5.30578803437214e-15,-26.5772024767198,FALSE,NA,"gene;mRNA",15,TRUE,13,36489312,45192178
"NC_059456.1",93526800,93526800,"*",2.41281386327179e-18,4.91400407002346e-16,-27.3229651851267,FALSE,NA,"gene;mRNA",15,TRUE,13,36489312,45192178
"NC_059456.1",93526835,93526835,"*",1.07250525686125e-28,4.88033720658124e-26,-35.3976073187896,FALSE,NA,"gene;mRNA",15,TRUE,13,36489312,45192178
"NC_059456.1",93527061,93527061,"*",1.63948952002866e-18,3.41323079389347e-16,-28.5605671725634,FALSE,NA,"gene;mRNA",15,TRUE,13,36489312,45192178
"NC_059457.1",28296812,28296812,"*",1.78651221740683e-29,8.63076713327868e-27,-36.3566951029835,FALSE,NA,"mRNA;gene",16,TRUE,10,81603152,119794712
"NC_059457.1",54338516,54338516,"*",1.19083488965364e-17,2.26591981750125e-15,25.5693960345123,FALSE,NA,"mRNA;gene",16,TRUE,10,4419399,21085580
"NC_059458.1",65125824,65125824,"*",7.89484549076129e-37,5.77657150666782e-34,-40.4858299595142,FALSE,NA,"mRNA;gene",17,TRUE,7,36766078,68843525
"NC_059458.1",76186359,76186359,"*",3.32065539993328e-25,1.21298593549125e-22,-30.5824422935054,FALSE,NA,"mRNA;gene",17,TRUE,7,36766078,68843525
"NC_059458.1",76194779,76194779,"*",1.88799606642122e-21,5.16650133406407e-19,-30.8528428093645,FALSE,NA,"mRNA;gene",17,TRUE,7,36766078,68843525
"NC_059458.1",78855034,78855034,"*",1.39655368848654e-20,3.51561353805914e-18,-29.2431107172143,FALSE,NA,"intergenic",17,TRUE,7,36766078,68843525
"NC_059458.1",83937389,83937389,"*",1.16089153081862e-20,2.95821728879374e-18,-27.7484423818311,FALSE,NA,"mRNA;gene",17,TRUE,7,36766078,68843525
"NC_059458.1",84344525,84344525,"*",4.50581738707532e-17,7.97754316928438e-15,-26.6072400653239,FALSE,NA,"intergenic",17,TRUE,7,36766078,68843525
"NC_059459.1",4707190,4707190,"*",2.48888776077174e-23,7.86490028849133e-21,26.3734278368425,FALSE,NA,"gene;mRNA",18,TRUE,1,48705940,76411833
"NC_059459.1",12047107,12047107,"*",1.85368904173638e-25,6.89244731362774e-23,-33.6034537161871,FALSE,NA,"mRNA;gene",18,TRUE,1,48705940,76411833
"NC_059459.1",12047121,12047121,"*",3.14488331385818e-25,1.15141988297299e-22,-34.84538292513,FALSE,NA,"mRNA;gene",18,TRUE,1,48705940,76411833
"NC_059459.1",19796155,19796155,"*",4.64003328835005e-19,1.01742772056881e-16,-26.3388159716453,FALSE,NA,"mRNA;gene",18,TRUE,1,48705940,76411833
"NC_059459.1",35979640,35979640,"*",1.03393555545584e-24,3.64043534895926e-22,-25.6162443369075,FALSE,NA,"mRNA;gene",18,TRUE,1,103118093,118883027
"NC_059459.1",36105406,36105406,"*",8.63069034873961e-23,2.63494098989593e-20,-30.3055818881392,FALSE,NA,"mRNA;gene",18,TRUE,1,103118093,118883027
"NC_059459.1",36105464,36105464,"*",6.72310204531931e-19,1.45548277496518e-16,-26.0430107526882,FALSE,NA,"mRNA;gene",18,TRUE,1,103118093,118883027
"NC_059459.1",36164773,36164773,"*",2.13061487475048e-23,6.77758108628093e-21,27.077461112851,FALSE,NA,"mRNA;gene",18,TRUE,1,103118093,118883027
"NC_059459.1",36164774,36164774,"*",2.01310496682807e-24,6.90982240234296e-22,27.8452055318057,FALSE,NA,"mRNA;gene",18,TRUE,1,103118093,118883027
"NC_059459.1",36164951,36164951,"*",1.85357158218249e-43,1.8412128034495e-40,39.9971548793819,FALSE,NA,"mRNA;gene",18,TRUE,1,103118093,118883027
"NC_059459.1",36165457,36165457,"*",1.323694896283e-27,5.67730731816735e-25,25.8912454873646,FALSE,NA,"mRNA;gene",18,TRUE,1,103118093,118883027
"NC_059459.1",36173092,36173092,"*",2.65667769875633e-20,6.52953583439161e-18,28.2031613450809,FALSE,NA,"gene;mRNA",18,TRUE,1,103118093,118883027
"NC_059459.1",36176689,36176689,"*",1.50133691889294e-25,5.60412604690189e-23,29.7668958577897,FALSE,NA,"gene;mRNA",18,TRUE,1,103118093,118883027
"NC_059459.1",36367356,36367356,"*",8.36352549659234e-34,5.17620877885084e-31,27.6052464061165,FALSE,NA,"gene;mRNA",18,TRUE,1,103118093,118883027
"NC_059459.1",36370273,36370273,"*",6.40821995047955e-18,1.25380919419903e-15,27.4197434488873,FALSE,NA,"gene;mRNA",18,TRUE,1,103118093,118883027
"NC_059459.1",36370292,36370292,"*",7.63260207891097e-25,2.70133566756755e-22,29.987253720565,FALSE,NA,"gene;mRNA",18,TRUE,1,103118093,118883027
"NC_059459.1",37227595,37227595,"*",8.80537184018976e-20,2.06739274061496e-17,-27.0455865619505,FALSE,NA,"intergenic",18,TRUE,1,103118093,118883027
"NC_059459.1",37227684,37227684,"*",9.82178651631605e-23,2.97954282673049e-20,-27.5754838709677,FALSE,NA,"intergenic",18,TRUE,1,103118093,118883027
"NC_059459.1",37227711,37227711,"*",3.56581985427513e-29,1.67854526253028e-26,-31.1061980830671,FALSE,NA,"intergenic",18,TRUE,1,103118093,118883027
"NC_059459.1",37639147,37639147,"*",2.22585824837474e-26,8.78199246668014e-24,-32.2129118263188,FALSE,NA,"intergenic",18,TRUE,1,103118093,118883027
"NC_059459.1",49817768,49817768,"*",3.81270259729447e-17,6.82278002044865e-15,-25.3952125619241,FALSE,NA,"mRNA;gene",18,FALSE,NA,NA,NA
"NC_059459.1",49817897,49817897,"*",1.61924279680906e-17,3.0339714761251e-15,-28.053185422095,FALSE,NA,"mRNA;gene",18,FALSE,NA,NA,NA
"NC_059459.1",49818069,49818069,"*",6.78752529410564e-33,3.99388110320057e-30,-36.3763544339892,FALSE,NA,"mRNA;gene",18,FALSE,NA,NA,NA
"NC_059459.1",64151833,64151833,"*",2.58723333704786e-19,5.81723172990626e-17,-26.8710060367255,FALSE,NA,"intergenic",18,TRUE,7,7922621,31127395
"NC_059460.1",18127940,18127940,"*",4.57211288721275e-17,8.08184653005334e-15,-25.7497957754697,FALSE,NA,"mRNA;gene",19,TRUE,29,533893,14685608
"NC_059460.1",18127950,18127950,"*",9.27607181201533e-15,1.23455190417799e-12,-26.1565594898928,FALSE,NA,"mRNA;gene",19,TRUE,29,533893,14685608
"NC_059460.1",19757134,19757134,"*",2.39077045411965e-16,3.87743778086362e-14,-26.2524398178269,FALSE,NA,"mRNA;gene",19,TRUE,29,533893,14685608
"NC_059460.1",24305677,24305677,"*",1.92789300429179e-15,2.80064945860927e-13,-27.2710671833003,FALSE,NA,"intergenic",19,TRUE,29,533893,14685608
"NC_059460.1",69988061,69988061,"*",1.21603199305632e-20,3.08556273770576e-18,27.1321585376066,FALSE,NA,"mRNA;gene",19,TRUE,29,26165355,27732637
"NC_059460.1",69988182,69988182,"*",2.28987326867663e-35,1.54769445102387e-32,28.2277157040161,FALSE,NA,"mRNA;gene",19,TRUE,29,26165355,27732637
"NC_059461.1",26833,26833,"*",4.82674324215269e-33,2.87195976974224e-30,-31.0500017511704,FALSE,NA,"intergenic",20,FALSE,NA,NA,NA
"NC_059461.1",25036245,25036245,"*",5.79761833593986e-17,1.01244917051444e-14,-26.5475484799729,FALSE,NA,"mRNA;gene",20,TRUE,24,4619415,38027296
"NC_059461.1",76123857,76123857,"*",4.60297048292526e-26,1.77217297139118e-23,-30.6395926477894,FALSE,NA,"gene;mRNA;five_prime_UTR;exon",20,TRUE,9,110312663,155621466
"NC_059461.1",76123922,76123922,"*",6.5285269656675e-42,6.05686192428102e-39,-39.489780785516,FALSE,NA,"gene;mRNA;five_prime_UTR;exon",20,TRUE,9,110312663,155621466
"NC_059462.1",13390965,13390965,"*",5.84425900259056e-17,1.02022123139513e-14,-25.5275327015814,FALSE,NA,"mRNA;gene",21,TRUE,25,1172789,53480658
"NC_059462.1",18389692,18389692,"*",2.70769392837729e-23,8.53375302748797e-21,-32.3954269462142,FALSE,NA,"intergenic",21,TRUE,25,1172789,53480658
"NC_059464.1",21548145,21548145,"*",3.50504140557265e-17,6.3100374139135e-15,-25.8711374095989,FALSE,NA,"intergenic",23,TRUE,10,21008911,52065857
"NC_059465.1",18802190,18802190,"*",1.04055067392076e-16,1.76363154859563e-14,-26.5702977112373,FALSE,NA,"gene;mRNA",24,TRUE,20,6313226,42731239
"NC_059465.1",22459378,22459378,"*",8.68042608270722e-19,1.85651120421007e-16,-25.3605793890154,FALSE,NA,"mRNA;gene;five_prime_UTR;exon",24,TRUE,20,6313226,42731239
"NC_059466.1",16794490,16794490,"*",1.2239470560727e-19,2.84156085760072e-17,-26.1624073282007,FALSE,NA,"intergenic",25,TRUE,21,1714551,57740012
"NC_059467.1",7671553,7671553,"*",8.21103021879892e-33,4.81962163989349e-30,-36.6953405017921,FALSE,NA,"intergenic",26,TRUE,11,4841297,58831260
"NC_059467.1",12778125,12778125,"*",1.67993183104974e-16,2.77736856965976e-14,-26.1813975131195,FALSE,NA,"ncRNA_gene;lnc_RNA",26,TRUE,11,4841297,58831260
"NC_059467.1",24412201,24412201,"*",5.03689833367463e-15,6.96957517417189e-13,-25.9631411270756,FALSE,NA,"gene;mRNA",26,TRUE,11,4841297,58831260
"NC_059467.1",40619740,40619740,"*",1.032983160315e-21,2.88626917665981e-19,-30.9595862861521,FALSE,NA,"gene;mRNA",26,TRUE,11,4841297,58831260
"NC_059467.1",40619741,40619741,"*",2.70929251001868e-25,9.95754423030799e-23,-31.9879316634241,FALSE,NA,"gene;mRNA",26,TRUE,11,4841297,58831260
"NC_059467.1",40637195,40637195,"*",1.09184410820146e-16,1.84337587537578e-14,-25.1862236163932,FALSE,NA,"intergenic",26,TRUE,11,4841297,58831260
"NC_059467.1",44153155,44153155,"*",9.46623624296361e-14,1.0874971273545e-11,-25.3477929339998,FALSE,NA,"intergenic",26,TRUE,11,4841297,58831260
"NC_059467.1",44153304,44153304,"*",1.79005570222369e-17,3.33570952184177e-15,-26.0745199668402,FALSE,NA,"intergenic",26,TRUE,11,4841297,58831260
"NC_059467.1",44209626,44209626,"*",6.0079313719757e-19,1.30836235543975e-16,-27.237680040701,FALSE,NA,"mRNA;gene",26,TRUE,11,4841297,58831260
"NC_059467.1",44209630,44209630,"*",6.08134315519792e-18,1.19180583974656e-15,-26.2512713452171,FALSE,NA,"mRNA;gene",26,TRUE,11,4841297,58831260
"NC_059467.1",44209641,44209641,"*",2.0703969370938e-24,7.10137096587909e-22,-31.6755640612409,FALSE,NA,"mRNA;gene",26,TRUE,11,4841297,58831260
"NC_059467.1",44209642,44209642,"*",1.68479069535781e-18,3.50296365336947e-16,-27.4826915662247,FALSE,NA,"mRNA;gene",26,TRUE,11,4841297,58831260
"NC_059467.1",44234084,44234084,"*",3.76347004484782e-19,8.32481157872378e-17,-26.6883776888133,FALSE,NA,"five_prime_UTR;exon;gene;mRNA",26,TRUE,11,4841297,58831260
"NC_059468.1",19795340,19795340,"*",7.59145760290136e-19,1.63416533312534e-16,-27.6406551784684,FALSE,NA,"ncRNA_gene;snoRNA;exon",27,TRUE,14,59964241,75244477
"NC_059469.1",5856070,5856070,"*",6.03068884382229e-16,9.33404718662762e-14,-27.1701982228298,FALSE,NA,"mRNA;gene",28,TRUE,19,42471540,55270178
"NC_059469.1",28843183,28843183,"*",2.22587888085883e-19,5.04271761863232e-17,-28.5167372066179,FALSE,NA,"mRNA;gene;exon;five_prime_UTR;CDS",28,TRUE,1,77446933,87594150
"NC_059469.1",28843235,28843235,"*",2.09496430977897e-15,3.03320936973007e-13,-26.1041058599685,FALSE,NA,"mRNA;gene;exon;five_prime_UTR;CDS",28,TRUE,1,77446933,87594150
"NC_059470.1",2980197,2980197,"*",6.96291375560389e-24,2.27553407595013e-21,-26.6798418972332,FALSE,NA,"mRNA;gene",29,TRUE,19,17220066,31728627
