"seqnames","start","end","width","seg_group","mean_meth","n_genes","gene_bp","prop_gene_bp","genes_per_mb","n_promoters","promoter_bp","prop_promoter_bp","gene_ids","gene_names"
"1",30806,15133764,15102959,3,0.901546946083702,264,10769582,0.713077616114829,17.4800183195889,1070,1284000,0.0850164527361824,"ENSSSAG00000095985;ENSSSAG00000088399;ENSSSAG00000103107;ENSSSAG00000000063;ENSSSAG00000110109;ENSSSAG00000000049;ENSSSAG00000101513;ENSSSAG00000109226;ENSSSAG00000112437;ENSSSAG00000000051;ENSSSAG00000000052;ENSSSAG00000098245;ENSSSAG00000000057;ENSSSAG00000083486;ENSSSAG00000098639;ENSSSAG00000000055;ENSSSAG00000088197;ENSSSAG00000105454;ENSSSAG00000110187;ENSSSAG00000090551;ENSSSAG00000082077;ENSSSAG00000000044;ENSSSAG00000110898;ENSSSAG00000096526;ENSSSAG00000044034;ENSSSAG00000063772;ENSSSAG00000114841;ENSSSAG00000001017;ENSSSAG00000000041;ENSSSAG00000119872;ENSSSAG00000086702;ENSSSAG00000000048;ENSSSAG00000000040;ENSSSAG00000082060;ENSSSAG00000062885;ENSSSAG00000121530;ENSSSAG00000107445;ENSSSAG00000105589;ENSSSAG00000000059;ENSSSAG00000063299;ENSSSAG00000083603;ENSSSAG00000116341;ENSSSAG00000105031;ENSSSAG00000115259;ENSSSAG00000084748;ENSSSAG00000102505;ENSSSAG00000106653;ENSSSAG00000093490;ENSSSAG00000083690;ENSSSAG00000117299;ENSSSAG00000094436;ENSSSAG00000101304;ENSSSAG00000099537;ENSSSAG00000098148;ENSSSAG00000083764;ENSSSAG00000110200;ENSSSAG00000094425;ENSSSAG00000005121;ENSSSAG00000111306;ENSSSAG00000103130;ENSSSAG00000093548;ENSSSAG00000104556;ENSSSAG00000093994;ENSSSAG00000122293;ENSSSAG00000000069;ENSSSAG00000000073;ENSSSAG00000119525;ENSSSAG00000087243;ENSSSAG00000101037;ENSSSAG00000095958;ENSSSAG00000121670;ENSSSAG00000112412;ENSSSAG00000111307;ENSSSAG00000111497;ENSSSAG00000110306;ENSSSAG00000090427;ENSSSAG00000093388;ENSSSAG00000096491;ENSSSAG00000095678;ENSSSAG00000000091;ENSSSAG00000000090;ENSSSAG00000065158;ENSSSAG00000094591;ENSSSAG00000084715;ENSSSAG00000000085;ENSSSAG00000000083;ENSSSAG00000000082;ENSSSAG00000055921;ENSSSAG00000000080;ENSSSAG00000000079;ENSSSAG00000000078;ENSSSAG00000114705;ENSSSAG00000000077;ENSSSAG00000000075;ENSSSAG00000000096;ENSSSAG00000000097;ENSSSAG00000000100;ENSSSAG00000110729;ENSSSAG00000059276;ENSSSAG00000114975;ENSSSAG00000098932;ENSSSAG00000000094;ENSSSAG00000057703;ENSSSAG00000100445;ENSSSAG00000102205;ENSSSAG00000110913;ENSSSAG00000113199;ENSSSAG00000100154;ENSSSAG00000057589;ENSSSAG00000057565;ENSSSAG00000057551;ENSSSAG00000119932;ENSSSAG00000057156;ENSSSAG00000108437;ENSSSAG00000056846;ENSSSAG00000056816;ENSSSAG00000099783;ENSSSAG00000055072;ENSSSAG00000053952;ENSSSAG00000053919;ENSSSAG00000092315;ENSSSAG00000053915;ENSSSAG00000093779;ENSSSAG00000036264;ENSSSAG00000104684;ENSSSAG00000058229;ENSSSAG00000107292;ENSSSAG00000116603;ENSSSAG00000083748;ENSSSAG00000039639;ENSSSAG00000106554;ENSSSAG00000112028;ENSSSAG00000070629;ENSSSAG00000070765;ENSSSAG00000036357;ENSSSAG00000034188;ENSSSAG00000034886;ENSSSAG00000120676;ENSSSAG00000034575;ENSSSAG00000115052;ENSSSAG00000037181;ENSSSAG00000035097;ENSSSAG00000035519;ENSSSAG00000121022;ENSSSAG00000109568;ENSSSAG00000103497;ENSSSAG00000070782;ENSSSAG00000103752;ENSSSAG00000070793;ENSSSAG00000070825;ENSSSAG00000070864;ENSSSAG00000070896;ENSSSAG00000084497;ENSSSAG00000103367;ENSSSAG00000070919;ENSSSAG00000070930;ENSSSAG00000070943;ENSSSAG00000070995;ENSSSAG00000071009;ENSSSAG00000071029;ENSSSAG00000104117;ENSSSAG00000071099;ENSSSAG00000088937;ENSSSAG00000115845;ENSSSAG00000091795;ENSSSAG00000096301;ENSSSAG00000071867;ENSSSAG00000073684;ENSSSAG00000073686;ENSSSAG00000073694;ENSSSAG00000073720;ENSSSAG00000090572;ENSSSAG00000073725;ENSSSAG00000073729;ENSSSAG00000073732;ENSSSAG00000085698;ENSSSAG00000098542;ENSSSAG00000073913;ENSSSAG00000078331;ENSSSAG00000005514;ENSSSAG00000078353;ENSSSAG00000078358;ENSSSAG00000078367;ENSSSAG00000119276;ENSSSAG00000078395;ENSSSAG00000078509;ENSSSAG00000078513;ENSSSAG00000078528;ENSSSAG00000078627;ENSSSAG00000078632;ENSSSAG00000078685;ENSSSAG00000078693;ENSSSAG00000078738;ENSSSAG00000078981;ENSSSAG00000083433;ENSSSAG00000000276;ENSSSAG00000091445;ENSSSAG00000000460;ENSSSAG00000000511;ENSSSAG00000000545;ENSSSAG00000089663;ENSSSAG00000112704;ENSSSAG00000000581;ENSSSAG00000000593;ENSSSAG00000102071;ENSSSAG00000098997;ENSSSAG00000000657;ENSSSAG00000000682;ENSSSAG00000000701;ENSSSAG00000103858;ENSSSAG00000102024;ENSSSAG00000005797;ENSSSAG00000008499;ENSSSAG00000113624;ENSSSAG00000094156;ENSSSAG00000008511;ENSSSAG00000113510;ENSSSAG00000008530;ENSSSAG00000114874;ENSSSAG00000008543;ENSSSAG00000120708;ENSSSAG00000107579;ENSSSAG00000008561;ENSSSAG00000008574;ENSSSAG00000101521;ENSSSAG00000008582;ENSSSAG00000103575;ENSSSAG00000008598;ENSSSAG00000100813;ENSSSAG00000113451;ENSSSAG00000008676;ENSSSAG00000008822;ENSSSAG00000008979;ENSSSAG00000082248;ENSSSAG00000009047;ENSSSAG00000009184;ENSSSAG00000009205;ENSSSAG00000009217;ENSSSAG00000009232;ENSSSAG00000084515;ENSSSAG00000009278;ENSSSAG00000093886;ENSSSAG00000116318;ENSSSAG00000009327;ENSSSAG00000009411;ENSSSAG00000085565;ENSSSAG00000009375;ENSSSAG00000102689;ENSSSAG00000091836;ENSSSAG00000009525;ENSSSAG00000009614;ENSSSAG00000114790;ENSSSAG00000015644;ENSSSAG00000015656;ENSSSAG00000015684;ENSSSAG00000015918;ENSSSAG00000115270;ENSSSAG00000016007;ENSSSAG00000019460;ENSSSAG00000047979;ENSSSAG00000048018;ENSSSAG00000115192;ENSSSAG00000108184;ENSSSAG00000088730","ube2d3;si:ch211-195e19.1;noto;gfra4a;atrn;rpia;cfd;GALNT16;EXD2;smoc1;slc39a9;rdh12;si:ch211-10a23.2;plek2;TC2N;fbln5;rtf1;ndufaf1;nusap1;CHP1;lgmn;pcnx1;med6;map3k9;slc8a3;actn1;dcaf5;pacs2;srsf5a;synj2bp;gmfb;cnih1;cdkn3;sos2;l2hgdh;dmac2l;cdkl1;map4k5;atl1;sav1;nin;pygl;trim9;xdh;DNAJC27;efr3ba;POMC A2;alkal2b;si:dkey-190l8.2;ptk2ba;chrna2a;ephx2;zgc:194275;cssa01h8orf74;matn3b;wdr35;kcns3a;rdh14a;osr1;pomk;ivd;bahd1;prlh2r;ccdc32;rpusd2;disp2;pkdccb;eml1;evla;degs2;yy1a;mdga2a;LRR1;dync1h1;dlk1;WARS1;SLC25A47;SLC25A29;soul3;rcan3;nipal3;grhl3;cnksr1;rps6ka1;si:ch211-160f23.7;asap3;si:ch211-160f23.5;id3;ythdf2;vgll2b;ctsl.1;ctl2b;ptafr;luzp1;kdm1a;tmem30b;rpl13a;atp5if1b;zmpste24;dylt1;rlf;znf593;selenon;mtfr1l;stac;CNR1;orc3;glha1;HTR1B;MYO6;colec11;si:dkey-25g12.4;sox11a"
"1",15133772,15228755,94984,1,0.0858585858585859,0,0,0,0,0,0,0,"",""
"1",15282538,16986347,1703810,3,0.895829405958522,22,774588,0.454621113856592,12.9122378668983,117,140400,0.0824035543869328,"ENSSSAG00000048046;ENSSSAG00000048071;ENSSSAG00000048356;ENSSSAG00000055885;ENSSSAG00000090250;ENSSSAG00000095688;ENSSSAG00000056052;ENSSSAG00000057740;ENSSSAG00000063098;ENSSSAG00000063122;ENSSSAG00000034115;ENSSSAG00000034349;ENSSSAG00000034849;ENSSSAG00000039768;ENSSSAG00000039783;ENSSSAG00000039798;ENSSSAG00000040186;ENSSSAG00000054074;ENSSSAG00000090710;ENSSSAG00000054124;ENSSSAG00000103211;ENSSSAG00000113358","rsad2;rnf144aa;kidins220a;MBOAT2;asap2a;ADAM17;YWHAQ;grhl1;KLF11;znf395a;pnoca;kif13ba;hmbox1a;adpgk2;hnrnpu;efcab2;kif26ba"
"1",16986413,16987628,1216,2,0.418173598989761,1,1216,1,822.368421052632,0,0,0,"ENSSSAG00000113358","kif26ba"
"1",16987938,23941463,6953526,3,0.91326929433885,93,4007056,0.576262460225215,13.374509565363,370,444000,0.0638524972797973,"ENSSSAG00000113358;ENSSSAG00000088170;ENSSSAG00000054485;ENSSSAG00000054498;ENSSSAG00000054523;ENSSSAG00000108458;ENSSSAG00000054720;ENSSSAG00000055120;ENSSSAG00000055740;ENSSSAG00000097032;ENSSSAG00000055167;ENSSSAG00000055500;ENSSSAG00000118635;ENSSSAG00000112355;ENSSSAG00000055804;ENSSSAG00000055918;ENSSSAG00000056166;ENSSSAG00000056357;ENSSSAG00000056399;ENSSSAG00000056403;ENSSSAG00000056408;ENSSSAG00000056422;ENSSSAG00000056432;ENSSSAG00000056489;ENSSSAG00000061686;ENSSSAG00000061751;ENSSSAG00000061763;ENSSSAG00000061820;ENSSSAG00000062942;ENSSSAG00000068510;ENSSSAG00000070251;ENSSSAG00000070266;ENSSSAG00000122190;ENSSSAG00000117279;ENSSSAG00000070283;ENSSSAG00000071296;ENSSSAG00000116875;ENSSSAG00000071306;ENSSSAG00000071310;ENSSSAG00000071321;ENSSSAG00000071348;ENSSSAG00000104014;ENSSSAG00000071421;ENSSSAG00000071424;ENSSSAG00000011273;ENSSSAG00000121632;ENSSSAG00000071503;ENSSSAG00000100822;ENSSSAG00000015506;ENSSSAG00000072638;ENSSSAG00000072642;ENSSSAG00000072654;ENSSSAG00000099671;ENSSSAG00000072655;ENSSSAG00000072667;ENSSSAG00000099631;ENSSSAG00000072670;ENSSSAG00000072677;ENSSSAG00000120534;ENSSSAG00000072714;ENSSSAG00000073018;ENSSSAG00000116674;ENSSSAG00000000114;ENSSSAG00000000142;ENSSSAG00000000151;ENSSSAG00000000813;ENSSSAG00000085113;ENSSSAG00000001849;ENSSSAG00000001865;ENSSSAG00000001852;ENSSSAG00000085500;ENSSSAG00000001907;ENSSSAG00000001930;ENSSSAG00000001941;ENSSSAG00000002003;ENSSSAG00000089587;ENSSSAG00000002904;ENSSSAG00000002976;ENSSSAG00000121492;ENSSSAG00000003298;ENSSSAG00000116342;ENSSSAG00000003347;ENSSSAG00000003414;ENSSSAG00000003444;ENSSSAG00000110580;ENSSSAG00000094686;ENSSSAG00000114315;ENSSSAG00000003545;ENSSSAG00000003564;ENSSSAG00000003601;ENSSSAG00000003723;ENSSSAG00000003732;ENSSSAG00000003748","kif26ba;tfb2m;lpin1;greb1;esrrga;ush2a;kctd3;adf1;rab3gap2;iars2;rtn4ip1;ccr6b;zgc:113142;pxdn;eipr1;trappc12;filip1a;tmem30aa;cox7a2a;col12a1a;CD109;si:ch211-195o20.7;dlgap2;cln8;arhgef10;kbtbd11;ARID1B;TFB1M;CLDN20;tiam2a;SCAF8;icef1;qpct;mocs3;prkd3;foxa2;pax1a;nx22a;nkx2.4a;ralgapa2;insm1b;gale;zbtb8a;hmgcl;cx35.4;pabpc4;tmem54a;lck;fam167b;zgc:154055;tdh2;srrm1;clic4;runx3;syf2;mgst3b;tmem50a;rhd;maco1b;ldlrap1b;fndc5a;bsdc1"
"1",23980337,24043863,63527,2,0.466904403824794,0,0,0,0,0,0,0,"",""
"1",24048676,42014663,17965988,3,0.916110844446836,366,10984813,0.611422706059917,20.371827032279,1370,1644000,0.0915062394564663,"ENSSSAG00000100093;ENSSSAG00000003797;ENSSSAG00000003806;ENSSSAG00000117447;ENSSSAG00000003815;ENSSSAG00000003879;ENSSSAG00000064674;ENSSSAG00000096492;ENSSSAG00000116517;ENSSSAG00000086751;ENSSSAG00000004104;ENSSSAG00000004076;ENSSSAG00000004186;ENSSSAG00000005082;ENSSSAG00000005091;ENSSSAG00000005096;ENSSSAG00000005107;ENSSSAG00000005120;ENSSSAG00000002448;ENSSSAG00000005135;ENSSSAG00000005331;ENSSSAG00000007092;ENSSSAG00000111422;ENSSSAG00000106191;ENSSSAG00000007106;ENSSSAG00000007122;ENSSSAG00000007135;ENSSSAG00000007139;ENSSSAG00000007145;ENSSSAG00000100306;ENSSSAG00000117033;ENSSSAG00000007182;ENSSSAG00000087337;ENSSSAG00000120525;ENSSSAG00000014992;ENSSSAG00000015427;ENSSSAG00000043349;ENSSSAG00000078052;ENSSSAG00000043419;ENSSSAG00000106511;ENSSSAG00000043443;ENSSSAG00000043462;ENSSSAG00000085966;ENSSSAG00000108030;ENSSSAG00000043505;ENSSSAG00000043592;ENSSSAG00000079015;ENSSSAG00000044192;ENSSSAG00000044406;ENSSSAG00000005202;ENSSSAG00000044422;ENSSSAG00000118818;ENSSSAG00000044611;ENSSSAG00000049694;ENSSSAG00000120493;ENSSSAG00000049726;ENSSSAG00000049713;ENSSSAG00000049735;ENSSSAG00000049900;ENSSSAG00000121402;ENSSSAG00000104536;ENSSSAG00000056648;ENSSSAG00000043940;ENSSSAG00000000128;ENSSSAG00000099780;ENSSSAG00000000188;ENSSSAG00000089264;ENSSSAG00000061187;ENSSSAG00000102437;ENSSSAG00000001124;ENSSSAG00000001347;ENSSSAG00000001146;ENSSSAG00000113518;ENSSSAG00000001477;ENSSSAG00000001539;ENSSSAG00000001837;ENSSSAG00000001838;ENSSSAG00000001840;ENSSSAG00000001857;ENSSSAG00000001932;ENSSSAG00000001958;ENSSSAG00000001968;ENSSSAG00000001973;ENSSSAG00000090505;ENSSSAG00000001984;ENSSSAG00000001995;ENSSSAG00000002013;ENSSSAG00000002055;ENSSSAG00000002255;ENSSSAG00000114191;ENSSSAG00000002308;ENSSSAG00000093159;ENSSSAG00000002380;ENSSSAG00000002471;ENSSSAG00000002479;ENSSSAG00000002486;ENSSSAG00000002539;ENSSSAG00000002314;ENSSSAG00000002756;ENSSSAG00000002995;ENSSSAG00000003002;ENSSSAG00000003159;ENSSSAG00000089042;ENSSSAG00000004511;ENSSSAG00000004793;ENSSSAG00000004914;ENSSSAG00000004925;ENSSSAG00000004952;ENSSSAG00000005070;ENSSSAG00000005117;ENSSSAG00000005336;ENSSSAG00000107410;ENSSSAG00000005373;ENSSSAG00000005424;ENSSSAG00000095681;ENSSSAG00000005723;ENSSSAG00000118723;ENSSSAG00000005769;ENSSSAG00000005814;ENSSSAG00000005833;ENSSSAG00000115677;ENSSSAG00000115378;ENSSSAG00000005851;ENSSSAG00000087607;ENSSSAG00000089421;ENSSSAG00000006492;ENSSSAG00000006672;ENSSSAG00000102113;ENSSSAG00000006694;ENSSSAG00000006782;ENSSSAG00000009432;ENSSSAG00000009145;ENSSSAG00000084487;ENSSSAG00000009610;ENSSSAG00000009678;ENSSSAG00000009690;ENSSSAG00000100892;ENSSSAG00000087385;ENSSSAG00000009746;ENSSSAG00000010383;ENSSSAG00000088643;ENSSSAG00000010578;ENSSSAG00000015350;ENSSSAG00000014877;ENSSSAG00000043245;ENSSSAG00000043280;ENSSSAG00000043377;ENSSSAG00000043436;ENSSSAG00000118123;ENSSSAG00000043775;ENSSSAG00000043966;ENSSSAG00000110598;ENSSSAG00000045335;ENSSSAG00000120277;ENSSSAG00000000238;ENSSSAG00000000357;ENSSSAG00000000387;ENSSSAG00000097477;ENSSSAG00000000408;ENSSSAG00000000414;ENSSSAG00000000424;ENSSSAG00000000442;ENSSSAG00000000602;ENSSSAG00000000976;ENSSSAG00000001552;ENSSSAG00000001557;ENSSSAG00000105087;ENSSSAG00000001667;ENSSSAG00000106684;ENSSSAG00000002567;ENSSSAG00000100502;ENSSSAG00000002641;ENSSSAG00000121425;ENSSSAG00000003295;ENSSSAG00000093721;ENSSSAG00000058274;ENSSSAG00000003364;ENSSSAG00000003451;ENSSSAG00000111799;ENSSSAG00000003466;ENSSSAG00000003552;ENSSSAG00000003482;ENSSSAG00000004307;ENSSSAG00000004364;ENSSSAG00000004378;ENSSSAG00000004392;ENSSSAG00000101310;ENSSSAG00000103441;ENSSSAG00000004570;ENSSSAG00000005519;ENSSSAG00000113076;ENSSSAG00000005749;ENSSSAG00000005830;ENSSSAG00000006881;ENSSSAG00000006892;ENSSSAG00000006982;ENSSSAG00000003895;ENSSSAG00000100266;ENSSSAG00000087843;ENSSSAG00000007643;ENSSSAG00000107390;ENSSSAG00000007758;ENSSSAG00000103013;ENSSSAG00000007775;ENSSSAG00000084574;ENSSSAG00000007916;ENSSSAG00000015443;ENSSSAG00000015487;ENSSSAG00000110250;ENSSSAG00000015602;ENSSSAG00000015639;ENSSSAG00000015812;ENSSSAG00000040142;ENSSSAG00000040275;ENSSSAG00000040331;ENSSSAG00000091043;ENSSSAG00000040444;ENSSSAG00000040538;ENSSSAG00000040581;ENSSSAG00000040584;ENSSSAG00000040987;ENSSSAG00000051698;ENSSSAG00000051717;ENSSSAG00000104356;ENSSSAG00000051724;ENSSSAG00000051730;ENSSSAG00000051736;ENSSSAG00000108520;ENSSSAG00000106705;ENSSSAG00000051763;ENSSSAG00000099542;ENSSSAG00000051774;ENSSSAG00000051814;ENSSSAG00000051825;ENSSSAG00000051847;ENSSSAG00000051888;ENSSSAG00000000215;ENSSSAG00000000550;ENSSSAG00000117463;ENSSSAG00000000598;ENSSSAG00000000890;ENSSSAG00000001577;ENSSSAG00000088245;ENSSSAG00000001608;ENSSSAG00000117790;ENSSSAG00000001687;ENSSSAG00000119826;ENSSSAG00000001690;ENSSSAG00000015081;ENSSSAG00000001786;ENSSSAG00000002049;ENSSSAG00000002087;ENSSSAG00000108676;ENSSSAG00000092556;ENSSSAG00000093417;ENSSSAG00000002097;ENSSSAG00000002110;ENSSSAG00000002126;ENSSSAG00000002115;ENSSSAG00000002203;ENSSSAG00000002769;ENSSSAG00000004406;ENSSSAG00000004430;ENSSSAG00000004732;ENSSSAG00000005387;ENSSSAG00000005423;ENSSSAG00000081753;ENSSSAG00000116888;ENSSSAG00000006332;ENSSSAG00000009012;ENSSSAG00000009786;ENSSSAG00000117096;ENSSSAG00000063988;ENSSSAG00000063995;ENSSSAG00000119733;ENSSSAG00000089895;ENSSSAG00000064093;ENSSSAG00000064105;ENSSSAG00000097864;ENSSSAG00000064144;ENSSSAG00000108718;ENSSSAG00000064146;ENSSSAG00000099373;ENSSSAG00000065785;ENSSSAG00000102587;ENSSSAG00000103454;ENSSSAG00000065859;ENSSSAG00000065866;ENSSSAG00000065864;ENSSSAG00000065872;ENSSSAG00000083291;ENSSSAG00000112622;ENSSSAG00000108761;ENSSSAG00000065930;ENSSSAG00000116615;ENSSSAG00000066101;ENSSSAG00000071501;ENSSSAG00000071642;ENSSSAG00000071695;ENSSSAG00000071720;ENSSSAG00000071739;ENSSSAG00000094718;ENSSSAG00000072645;ENSSSAG00000072849;ENSSSAG00000076941;ENSSSAG00000076831;ENSSSAG00000120473;ENSSSAG00000076945;ENSSSAG00000076953;ENSSSAG00000076969;ENSSSAG00000076988;ENSSSAG00000076989;ENSSSAG00000077003;ENSSSAG00000119678;ENSSSAG00000077671;ENSSSAG00000077694;ENSSSAG00000118940;ENSSSAG00000077707;ENSSSAG00000077787;ENSSSAG00000114142;ENSSSAG00000118561;ENSSSAG00000034160;ENSSSAG00000034634;ENSSSAG00000034734;ENSSSAG00000034990;ENSSSAG00000095724;ENSSSAG00000036764;ENSSSAG00000085836;ENSSSAG00000039831;ENSSSAG00000120737;ENSSSAG00000039982;ENSSSAG00000096853;ENSSSAG00000040068;ENSSSAG00000108152;ENSSSAG00000040134;ENSSSAG00000040551;ENSSSAG00000040761;ENSSSAG00000044056;ENSSSAG00000044077;ENSSSAG00000044143;ENSSSAG00000044488;ENSSSAG00000085902;ENSSSAG00000044526;ENSSSAG00000093051;ENSSSAG00000044699;ENSSSAG00000044977;ENSSSAG00000045088;ENSSSAG00000069183;ENSSSAG00000045132;ENSSSAG00000103728;ENSSSAG00000045547;ENSSSAG00000046330;ENSSSAG00000118246;ENSSSAG00000084646;ENSSSAG00000046590;ENSSSAG00000046898;ENSSSAG00000066013;ENSSSAG00000066022;ENSSSAG00000066058;ENSSSAG00000066081;ENSSSAG00000066205;ENSSSAG00000066213;ENSSSAG00000066239;ENSSSAG00000066262;ENSSSAG00000066504;ENSSSAG00000069930","marcksl1a;mycla;mfsd2aa;KIAA1522;RBBP4;ZBTB8OS;C14orf28;mthfd1;ANKRD63;pak6a;zfyve19;ppp1r14d;spint1a;xgb;srp14;cep170b;zbtb42;adssl2;dnajc17;gchfr;cyp1c2;GREM1;FMN1;RYR3;CHRM5;lrrc74a;rps6kl1;dlst;prox2;esrrb;tgfb3;ttll5;flvcr2a;ERG28;JDP2;isca2;npc2.1;gskip;gstz1;aldh6a1;BBOF1;entpd5a;coq6;ngb;tmem63c;exoc5;otx2b;tmem260;peli2;ktn1;vcpkmt;arf6b;aspg;kif26ab;atxn3;si:ch1073-416d2.3;ddx24;otub2;asb2b;FAM181A;PRIMA1;UNC79;BTBD7;plk4;reep1;rd3l;RTN1;pcnx4;dhrs7;PPM1A;six6a;SIX1;six4a;mnat1;trmt5;prkcha;hif1aa;snapc1b;syt16;ppp2r5eb;kcnh5b;gphb5;esr2b;ZFYVE21;klc1;bag5;ckb;mark3;EIF5;tnfaip2;exoc3l4;enpp4;si:ch211-233a24.2;lingo2b;eif4eb;metap1;gnpi;GABRG1;GABRA2;GABRB1;commd8;atp10d;dapp1;lamtor3;ODC1;NOL10;KCNF1;cssa01h2orf50;rock2;sobpa;pdss2;bend3;mtres1;lclat1;bmp4;ddhd1a;stxbp6;gjd2;actc1;dph6;CDIN1;meis2;spred1;fam98b;gpn1;ccdc88c;slc24a4a;zgc:174356;brms1la;ralgapa1;insm2;nfkbiab;prorp;fam177a1;fbxo33;mia2;gemin2;pnn;lrfn5a;jkamp;daam1a;ppp1r13ba;ptp4a2a;si:ch211-266o15.1;tecpr2;ankrd9;rcor1;ehd4;sptbn5;foxg1;prkd1;g2e3;scfd1;opn6b;coch;strn3;AP4S1;hectd1;heatr5a;dtd2;nubpl;arhgap5;akap6;npas3;egln3;eapp;snx6;cfl2;baz1a;srp54;sec23a;clec14a;sstr1a;ttc6;foxa1;mipol1;PSMA3;arid4a;KIAA0586;irf2bpl;dact1;fbxo34;jmjd7;mapkbp1;tyro3;hipl1;ccdc85ca;CCNK;setd3;BCL11B;vrk1;ak7b;galcb;flrt2;gsc;dicer1;clmn;syne3;gabrr2a;rragd;ankrd6a;EIF2S1;mpp5a;gphna;fut8a"
"1",42016600,42060735,44136,2,0.422031351001939,0,0,0,0,0,0,0,"",""
"1",42124529,43773382,1648854,3,0.874220726179888,33,1137401,0.689813045909462,20.0139005636642,177,212400,0.128816741809766,"ENSSSAG00000070012;ENSSSAG00000020173;ENSSSAG00000070026;ENSSSAG00000093164;ENSSSAG00000070390;ENSSSAG00000076492;ENSSSAG00000076520;ENSSSAG00000076554;ENSSSAG00000076556;ENSSSAG00000076564;ENSSSAG00000076601;ENSSSAG00000076605;ENSSSAG00000091691;ENSSSAG00000076651;ENSSSAG00000085684;ENSSSAG00000108885;ENSSSAG00000109874;ENSSSAG00000076963;ENSSSAG00000077374;ENSSSAG00000077394;ENSSSAG00000077395;ENSSSAG00000120893;ENSSSAG00000077406;ENSSSAG00000077473;ENSSSAG00000078035;ENSSSAG00000117898;ENSSSAG00000042714;ENSSSAG00000043824;ENSSSAG00000103255;ENSSSAG00000044138;ENSSSAG00000045091;ENSSSAG00000045145;ENSSSAG00000045210","tmem121aa;pth2;rin3;snap23;ttbk2;tmem62;ptgr2;elmsan1;crip1;crip2;mta1;tmem229b;zfp36l1a;plekhh1;slc25a21;pax9;NKX2-8;nkx2-1;mbip;rps6ka5;dtnbb;dnmt3ab;dpysl5a;mapre3a;ahi1"
"1",43773382,44004974,231593,1,0.0714285714285714,8,234402,1.01212903671527,34.5433583916612,13,15600,0.0673595488637394,"ENSSSAG00000045210;ENSSSAG00000045425;ENSSSAG00000045797;ENSSSAG00000045855;ENSSSAG00000046366;ENSSSAG00000082734;ENSSSAG00000050905;ENSSSAG00000050920","ahi1;slc18b1;tulp4b;myct1b;syne1b;CCDC170;rmnd1"
"1",44044777,49933849,5889073,3,0.91395595491923,88,3709373,0.629873835831208,14.9429290484258,341,409200,0.0694846200751799,"ENSSSAG00000050924;ENSSSAG00000050932;ENSSSAG00000091107;ENSSSAG00000050948;ENSSSAG00000051056;ENSSSAG00000051996;ENSSSAG00000102831;ENSSSAG00000053423;ENSSSAG00000054880;ENSSSAG00000086851;ENSSSAG00000056560;ENSSSAG00000107990;ENSSSAG00000108606;ENSSSAG00000056628;ENSSSAG00000088209;ENSSSAG00000056753;ENSSSAG00000103891;ENSSSAG00000056843;ENSSSAG00000056855;ENSSSAG00000056880;ENSSSAG00000056912;ENSSSAG00000056944;ENSSSAG00000057142;ENSSSAG00000057154;ENSSSAG00000093799;ENSSSAG00000057190;ENSSSAG00000057327;ENSSSAG00000057335;ENSSSAG00000108128;ENSSSAG00000057365;ENSSSAG00000059153;ENSSSAG00000059165;ENSSSAG00000059323;ENSSSAG00000061530;ENSSSAG00000061759;ENSSSAG00000110418;ENSSSAG00000086716;ENSSSAG00000094520;ENSSSAG00000121017;ENSSSAG00000064510;ENSSSAG00000064521;ENSSSAG00000097300;ENSSSAG00000064816;ENSSSAG00000074536;ENSSSAG00000100609;ENSSSAG00000074548;ENSSSAG00000074554;ENSSSAG00000074691;ENSSSAG00000074694;ENSSSAG00000074697;ENSSSAG00000074705;ENSSSAG00000074715;ENSSSAG00000087381;ENSSSAG00000074716;ENSSSAG00000090989;ENSSSAG00000074730;ENSSSAG00000074735;ENSSSAG00000116896;ENSSSAG00000074759;ENSSSAG00000089909;ENSSSAG00000074785;ENSSSAG00000074787;ENSSSAG00000092927;ENSSSAG00000074804;ENSSSAG00000114364;ENSSSAG00000074824;ENSSSAG00000090260;ENSSSAG00000074836;ENSSSAG00000074876;ENSSSAG00000075891;ENSSSAG00000111350;ENSSSAG00000092092;ENSSSAG00000075908;ENSSSAG00000109780;ENSSSAG00000112339;ENSSSAG00000075915;ENSSSAG00000075917;ENSSSAG00000118420;ENSSSAG00000096384;ENSSSAG00000000109;ENSSSAG00000000139;ENSSSAG00000000169;ENSSSAG00000113119;ENSSSAG00000105082;ENSSSAG00000122019;ENSSSAG00000000486;ENSSSAG00000000915;ENSSSAG00000114441","stx11a;zbtb24;sash1b;stxbp5b;rab32b;grm1b;SHPRH;FBXO30;dnajc5gb;fuca2;hivep2b;txlnbb;tmx1;kcnk10;ctsba;kcnk13a;tdp1;efcab11;foxn3;dio2;nrxn3a;adck1;slirp;sptlc2a;ism2a;RTRAF;ptger2a;txndc16;gpr137c;samd4a;gch1;wdhd1;socs4;styx;fosl2;babam2;si:dkey-16j16.4;znf511;cxcl12a;drgx;vstm4a;WDFY4;si:ch211-223a10.1"
"1",49933872,49934086,215,2,0.510952199748593,0,0,0,0,0,0,0,"",""
"1",49934096,56716208,6782113,3,0.914533486953864,124,4134400,0.609603526216682,18.2833874929539,542,650400,0.0958993163340098,"ENSSSAG00000101641;ENSSSAG00000118386;ENSSSAG00000000954;ENSSSAG00000108711;ENSSSAG00000000992;ENSSSAG00000100619;ENSSSAG00000001149;ENSSSAG00000001158;ENSSSAG00000001356;ENSSSAG00000001834;ENSSSAG00000001862;ENSSSAG00000081804;ENSSSAG00000002085;ENSSSAG00000002098;ENSSSAG00000095234;ENSSSAG00000107078;ENSSSAG00000002144;ENSSSAG00000002187;ENSSSAG00000002252;ENSSSAG00000002303;ENSSSAG00000002414;ENSSSAG00000108049;ENSSSAG00000002433;ENSSSAG00000002445;ENSSSAG00000002461;ENSSSAG00000109033;ENSSSAG00000002535;ENSSSAG00000002853;ENSSSAG00000105993;ENSSSAG00000003670;ENSSSAG00000004285;ENSSSAG00000005354;ENSSSAG00000005432;ENSSSAG00000006587;ENSSSAG00000006603;ENSSSAG00000006665;ENSSSAG00000006902;ENSSSAG00000006903;ENSSSAG00000006922;ENSSSAG00000006986;ENSSSAG00000006993;ENSSSAG00000007000;ENSSSAG00000095718;ENSSSAG00000007004;ENSSSAG00000007047;ENSSSAG00000094938;ENSSSAG00000007951;ENSSSAG00000007961;ENSSSAG00000007976;ENSSSAG00000008049;ENSSSAG00000053156;ENSSSAG00000008210;ENSSSAG00000008280;ENSSSAG00000008314;ENSSSAG00000008379;ENSSSAG00000008381;ENSSSAG00000008390;ENSSSAG00000008559;ENSSSAG00000096737;ENSSSAG00000008577;ENSSSAG00000084980;ENSSSAG00000115170;ENSSSAG00000008595;ENSSSAG00000087269;ENSSSAG00000084460;ENSSSAG00000008619;ENSSSAG00000008648;ENSSSAG00000008849;ENSSSAG00000014067;ENSSSAG00000112017;ENSSSAG00000015358;ENSSSAG00000083347;ENSSSAG00000015616;ENSSSAG00000023736;ENSSSAG00000023874;ENSSSAG00000024940;ENSSSAG00000093236;ENSSSAG00000028855;ENSSSAG00000083961;ENSSSAG00000029462;ENSSSAG00000030734;ENSSSAG00000097660;ENSSSAG00000031576;ENSSSAG00000091844;ENSSSAG00000112748;ENSSSAG00000086987;ENSSSAG00000110915;ENSSSAG00000000113;ENSSSAG00000000258;ENSSSAG00000084986;ENSSSAG00000000768;ENSSSAG00000001133;ENSSSAG00000001166;ENSSSAG00000001279;ENSSSAG00000001290;ENSSSAG00000121086;ENSSSAG00000001304;ENSSSAG00000001313;ENSSSAG00000097820;ENSSSAG00000001323;ENSSSAG00000001329;ENSSSAG00000001340;ENSSSAG00000001376;ENSSSAG00000001412;ENSSSAG00000103031;ENSSSAG00000101693;ENSSSAG00000107312;ENSSSAG00000103084;ENSSSAG00000120100;ENSSSAG00000120609;ENSSSAG00000001433;ENSSSAG00000001436;ENSSSAG00000001444;ENSSSAG00000001448;ENSSSAG00000040250;ENSSSAG00000027035;ENSSSAG00000028365;ENSSSAG00000028618;ENSSSAG00000109094;ENSSSAG00000104476;ENSSSAG00000032452;ENSSSAG00000055884;ENSSSAG00000055889;ENSSSAG00000059951","znf488;npm3;pprc1;LDB1;kcnip2;sirt1;tiar;bag3;inpp5f;sec23ip;csgalnact2;ret;phs;sgpl1;neurog3;pdlim1;fam204a;rab11fip2;emx2;eif3a;dennd10;sfxn4;prdx3;tm9sf3;zgc:110045;vwc2;SPATA48;ikzf1;fignl1;ttl;nanp;cyp1b1;rmdn2;cdc42ep3;opn3;kmo;ide;march5;cpeb3;btaf1;blnk;dntt;vox;KNDC1;valopa;INPP5A;nkx6.2;pwwp2b;tmem254;socs5b;prop1;mcfd2;ttc7a;calm2a;ZFP36L2;oxer1;kcng3;COX7A2L;wu:fj16a03;EML4;pkdcca;prph2b;ubr2;qkib"
"1",56716417,56717715,1299,1,0.119490779618525,1,1299,1,769.822940723634,0,0,0,"ENSSSAG00000059951","qkib"
"1",56717801,56718664,864,3,0.935361549978772,1,864,1,1157.40740740741,0,0,0,"ENSSSAG00000059951","qkib"
"1",56719239,56724797,5559,1,0.0655301777550598,1,5559,1,179.888469149128,0,0,0,"ENSSSAG00000059951","qkib"
"1",56724907,56725471,565,3,0.835813445183864,1,565,1,1769.91150442478,0,0,0,"ENSSSAG00000059951","qkib"
"1",56725677,56727093,1417,1,0.0287421532736662,1,1417,1,705.716302046577,0,0,0,"ENSSSAG00000059951","qkib"
"1",56727330,57497287,769958,3,0.900990988466823,22,558308,0.725114876395855,28.5729870979976,62,74400,0.0966286472768644,"ENSSSAG00000059951;ENSSSAG00000094772;ENSSSAG00000107433;ENSSSAG00000055914;ENSSSAG00000055922;ENSSSAG00000121854;ENSSSAG00000091674;ENSSSAG00000106977;ENSSSAG00000055949;ENSSSAG00000086741;ENSSSAG00000100637;ENSSSAG00000112746;ENSSSAG00000109034;ENSSSAG00000059158;ENSSSAG00000059225;ENSSSAG00000062430;ENSSSAG00000062463;ENSSSAG00000062552;ENSSSAG00000062565;ENSSSAG00000062635;ENSSSAG00000062699;ENSSSAG00000118169","qkib;ncoa4;yipf3;lrrc73;tjap1;dlk2;MEA1;ppp2r5d;znf318;APMAP;VSX1;enp6"
"1",57511687,57650723,139037,2,0.358288770053476,4,116273,0.836273797622216,28.7693203967289,22,26400,0.189877514618411,"ENSSSAG00000062699;ENSSSAG00000099034;ENSSSAG00000062853;ENSSSAG00000065078","nfkb2"
"1",57654689,59719983,2065295,3,0.925918010399925,37,1392803,0.674384531023413,17.9151162424738,128,153600,0.0743719420228103,"ENSSSAG00000065078;ENSSSAG00000066078;ENSSSAG00000066209;ENSSSAG00000066228;ENSSSAG00000066270;ENSSSAG00000067860;ENSSSAG00000067894;ENSSSAG00000067930;ENSSSAG00000103442;ENSSSAG00000068303;ENSSSAG00000112156;ENSSSAG00000068314;ENSSSAG00000090451;ENSSSAG00000068334;ENSSSAG00000109421;ENSSSAG00000068344;ENSSSAG00000094428;ENSSSAG00000068350;ENSSSAG00000068356;ENSSSAG00000108556;ENSSSAG00000068371;ENSSSAG00000068387;ENSSSAG00000069017;ENSSSAG00000069079;ENSSSAG00000000766;ENSSSAG00000069088;ENSSSAG00000001804;ENSSSAG00000075965;ENSSSAG00000001960;ENSSSAG00000001970;ENSSSAG00000001987;ENSSSAG00000082494;ENSSSAG00000002025;ENSSSAG00000002046;ENSSSAG00000002120;ENSSSAG00000099419;ENSSSAG00000084783","nfkb2;glud1a;SYU;mmrn2a;bmpr1aa;ldb3a;opn4a;usp54a;myoz1a;synpo2la;RAB1A;sdhaf4;tlx1;lbx1a;fgf8a;fbxw4;calhm3;macroh2a2;hspa12a;eno4;atp6v1ba;vax1;kcnk18;SLC18A2;pdzd8;yipf4"
"1",59721390,59735029,13640,1,0.154166666666667,0,0,0,0,0,0,0,"",""
"1",59736322,61889133,2152812,3,0.893144023010894,27,1412097,0.655931405064632,12.541736110724,146,175116,0.0813429133616869,"ENSSSAG00000101525;ENSSSAG00000003342;ENSSSAG00000004411;ENSSSAG00000005447;ENSSSAG00000005504;ENSSSAG00000120686;ENSSSAG00000084472;ENSSSAG00000005550;ENSSSAG00000088314;ENSSSAG00000005525;ENSSSAG00000005555;ENSSSAG00000005562;ENSSSAG00000005574;ENSSSAG00000112785;ENSSSAG00000005853;ENSSSAG00000089450;ENSSSAG00000041749;ENSSSAG00000042518;ENSSSAG00000118755;ENSSSAG00000071939;ENSSSAG00000074138;ENSSSAG00000074154;ENSSSAG00000074184;ENSSSAG00000074190;ENSSSAG00000078046;ENSSSAG00000074338;ENSSSAG00000090043","ttc27;ltbp1;rasgrp3;nvl;degs1;fbxo28;rpac1;si:dkey-191g9.7;si:dkey-191g9.5;chchd1;zswim8;ndst2a;kcnq5a;cgas;EEF1A1;slc17a5;rin2;slc24a3;ccdc85a"
"1",61979476,62083441,103966,2,0.448825775939747,0,0,0,0,0,0,0,"",""
"1",62083478,62245770,162293,3,0.879540050823075,0,0,0,0,1,464,0.00285902657539142,"",""
"1",62245785,62291100,45316,2,0.283170995670996,1,3381,0.0746094094800953,22.0672610115632,1,722,0.0159325624503487,"ENSSSAG00000084752",""
"1",62292150,63230572,938423,3,0.886049471263802,10,440351,0.469245745255604,10.6561753068712,50,60000,0.0639370518412272,"ENSSSAG00000074341;ENSSSAG00000074376;ENSSSAG00000084639;ENSSSAG00000097600;ENSSSAG00000075322;ENSSSAG00000075352;ENSSSAG00000096800;ENSSSAG00000075458;ENSSSAG00000075627;ENSSSAG00000075633","rims1a;ogfrl1;b3gat2;smap1;pcsk2;prokr1b"
"1",63260643,63359437,98795,2,0.357546489223945,2,36525,0.369704944582216,20.243939470621,5,6000,0.0607318184118629,"ENSSSAG00000075635;ENSSSAG00000119752","plek"
"1",63368701,64615960,1247260,3,0.872941564761717,12,985691,0.790285104950051,9.62108942802623,44,52800,0.0423327934833154,"ENSSSAG00000119752;ENSSSAG00000075648;ENSSSAG00000075892;ENSSSAG00000111092;ENSSSAG00000075912;ENSSSAG00000076313;ENSSSAG00000105461;ENSSSAG00000076338;ENSSSAG00000076348;ENSSSAG00000110896;ENSSSAG00000076392;ENSSSAG00000076406","pcdh15a;prkg1a;tnr6;sorcs3b"
"1",64619730,64627604,7875,1,0.0363636363636364,1,7875,1,126.984126984127,0,0,0,"ENSSSAG00000076406","sorcs3b"
"1",64628114,65554736,926623,3,0.92627513919336,12,282290,0.304643851922519,12.9502505333884,47,56400,0.0608661775069257,"ENSSSAG00000076406;ENSSSAG00000076859;ENSSSAG00000077178;ENSSSAG00000102877;ENSSSAG00000078055;ENSSSAG00000078071;ENSSSAG00000079931;ENSSSAG00000078355;ENSSSAG00000078927;ENSSSAG00000078988;ENSSSAG00000115450;ENSSSAG00000079832","sorcs3b;ADD3;MXI1;smndc1"
"1",65558301,65569405,11105,2,0.650788732872066,1,11105,1,90.049527239982,0,0,0,"ENSSSAG00000079832",""
"1",65573943,68634977,3061035,3,0.911388716716505,39,1673199,0.546612175293651,12.7407886548177,129,154800,0.0505711303529688,"ENSSSAG00000079832;ENSSSAG00000079835;ENSSSAG00000079858;ENSSSAG00000080125;ENSSSAG00000080152;ENSSSAG00000113218;ENSSSAG00000000110;ENSSSAG00000080261;ENSSSAG00000080269;ENSSSAG00000092343;ENSSSAG00000080274;ENSSSAG00000080276;ENSSSAG00000000106;ENSSSAG00000106066;ENSSSAG00000100066;ENSSSAG00000000115;ENSSSAG00000115167;ENSSSAG00000000146;ENSSSAG00000117950;ENSSSAG00000000186;ENSSSAG00000000459;ENSSSAG00000000817;ENSSSAG00000085493;ENSSSAG00000000854;ENSSSAG00000000861;ENSSSAG00000092500;ENSSSAG00000000884;ENSSSAG00000087266;ENSSSAG00000001003;ENSSSAG00000101403;ENSSSAG00000001291;ENSSSAG00000084790;ENSSSAG00000083620;ENSSSAG00000001414;ENSSSAG00000001815;ENSSSAG00000097562;ENSSSAG00000001830;ENSSSAG00000108263;ENSSSAG00000001904","dhx32b;tex36;ctbp2;ABRAXAS2;EEF1AKMT2;FAM53B;NKX1-2;chst15;gpr26;ikzf5;hmx2;hmx3;plekha1a;htra1a;wapla;grid1a;ndnfl;fam149b1;ecd;si:ch211-248a14.8;actn2b;chrm3a;grem2a;rgs7a;ube2d1a;zgc:110716;BICC1;phyhipla;FAM13C"
"1",68635218,68636104,887,1,0.0816402567631614,1,887,1,1127.39571589628,0,0,0,"ENSSSAG00000001904","FAM13C"
"1",68636520,68637801,1282,3,0.929563789537445,1,1282,1,780.03120124805,0,0,0,"ENSSSAG00000001904","FAM13C"
"1",68638008,68640261,2254,1,0.142814743973795,1,2254,1,443.655723158829,0,0,0,"ENSSSAG00000001904","FAM13C"
"1",68642419,68860544,218126,3,0.929466534062547,4,179229,0.821676462228253,18.3380248113476,15,18000,0.0825211116510641,"ENSSSAG00000001904;ENSSSAG00000001914;ENSSSAG00000001928;ENSSSAG00000002470","FAM13C;mot9;ccdc6a;ank3a"
